Id,Label,mergenode,businesstable
1,MATERIAL_AUTHORITY_DOCUMENT.E32,PRODUCTION.E12,strings
2,EXTERNAL_XREF_TYPE_AUTHORITY_DOCUMENT.E32,HERITAGE_RESOURCE.E18,strings
3,UNIT_OF_MEASUREMENT_AUTHORITY_DOCUMENT.E32,HERITAGE_RESOURCE.E18,strings
4,PHASE_TYPE_ASSIGNMENT.E17,PRODUCTION.E12,
5,SPATIAL_COORDINATES_GEOMETRY.E47,PLACE.E53,geometries
6,HERITAGE_RESOURCE_TYPE_AUTHORITY_DOCUMENT.E32,PRODUCTION.E12,strings
8,DESCRIPTION_OF_LOCATION.E62,PLACE.E53,strings
9,DESIGNATION_OR_PROTECTION_FROM_DATE.E49,RIGHT.E30,dates
11,GEOMETRY_QUALIFIER_AUTHORITY_DOCUMENT.E32,PLACE.E53,strings
12,DATE_CONDITION_ASSESSED.E49,CONDITION_ASSESSMENT.E14,dates
13,CONDITION_TYPE.E55,CONDITION_ASSESSMENT.E14,domains
14,CULTURAL_PERIOD_AUTHORITY_DOCUMENT.E32,PRODUCTION.E12,strings
15,TIME-SPAN_PHASE.E52,PRODUCTION.E12,
16,NAME_TYPE.E55,HERITAGE_RESOURCE.E18,domains
17,NAME.E41,HERITAGE_RESOURCE.E18,strings
18,UNIT_OF_MEASUREMENT.E55,HERITAGE_RESOURCE.E18,domains
20,CONDITION_STATE.E3,CONDITION_ASSESSMENT.E14,
21,GEOMETRY_QUALIFIER.E55,PLACE.E53,domains
22,TYPE_OF_DESIGNATION_OR_PROTECTION_AUTHORITY_DOCUMENT.E32,RIGHT.E30,strings
23,EXTERNAL_XREF_TYPE.E55,HERITAGE_RESOURCE.E18,domains
24,DESIGN_OR_PROCEDURE.E29,PRODUCTION.E12,
25,COMPONENT_TYPE.E55,PRODUCTION.E12,domains
28,VALUE_OF_MEASUREMENT.E60,HERITAGE_RESOURCE.E18,strings
30,CONSTRUCTION_TECHNIQUE.E55,PRODUCTION.E12,domains
31,PLACE_ADDRESS.E45,PLACE.E53,strings
32,ADMINISTRATIVE_SUBDIVISION.E48,PLACE.E53,strings
34,PRODUCTION.E12,HERITAGE_RESOURCE.E18,
36,MEASUREMENT_TYPE.E55,HERITAGE_RESOURCE.E18,domains
37,CONDITION_ASSESSMENT.E14,HERITAGE_RESOURCE.E18,
40,COMPONENT_TYPE_AUTHORITY_DOCUMENT.E32,PRODUCTION.E12,strings
41,KEYWORD_AUTHORITY_DOCUMENT.E32,HERITAGE_RESOURCE.E18,strings
42,HERITAGE_RESOURCE_TYPE.E55,PRODUCTION.E12,domains
43,DESIGNATION_OR_PROTECTION_TO_DATE.E49,RIGHT.E30,dates
44,PLACE_SITE_LOCATION.E53,PLACE.E53,
45,TYPE_OF_DESIGNATION_OR_PROTECTION.E55,RIGHT.E30,domains
46,KEYWORD.E55,HERITAGE_RESOURCE.E18,domains
49,MATERIAL.E57,PRODUCTION.E12,domains
50,PLACE_CADASTRAL_REFERENCE.E53,PLACE.E53,
51,RIGHT.E30,HERITAGE_RESOURCE.E18,
53,TIME_SPAN_OF_DESIGNATION_OR_PROTECTION.E52,RIGHT.E30,
54,EXTERNAL_XREF.E42,HERITAGE_RESOURCE.E18,strings
58,CONDITION_AUTHORITY_DOCUMENT.E32,CONDITION_ASSESSMENT.E14,strings
61,CULTURAL_PERIOD.E55,PRODUCTION.E12,domains
63,MEASUREMENT_TYPE_AUTHORITY_DOCUMENT.E32,HERITAGE_RESOURCE.E18,strings
64,TO_DATE.E49,PRODUCTION.E12,dates
65,CONSTRUCTION_TECHNIQUE_AUTHORITY_DOCUMENT.E32,PRODUCTION.E12,strings
66,FROM_DATE.E49,PRODUCTION.E12,dates
67,PLACE_THIS_LAND_PARCEL.E53,PLACE.E53,
69,HERITAGE_RESOURCE.E18,HERITAGE_RESOURCE.E18,
71,PLACE.E53,HERITAGE_RESOURCE.E18,
72,PLACE_APPELLATION_CADASTRAL_REFERENCE.E44,PLACE.E53,strings
74,NAME_TYPE_AUTHORITY_DOCUMENT.E32,HERITAGE_RESOURCE.E18,strings
76,PROTECTION_EVENT.E65,RIGHT.E30,
77,EXTERNAL_RESOURCE.E1,HERITAGE_RESOURCE.E18,
78,ADMINISTRATIVE_SUBDIVISION_TYPE.E55,PLACE.E53,domains
79,ADMINISTRATIVE_SUBDIVISION_TYPE_AUTHORITY_DOCUMENT.E32,PLACE.E53,strings
91,COMPONENT.E18,PRODUCTION.E12,
92,COMPONENT_PRODUCTION.E12,PRODUCTION.E12,
93,EVALUATION_CRITERIA_ASSIGNMENT.E13,HERITAGE_RESOURCE.E18,
94,EVALUATION_CRITERIA_TYPE.E55,HERITAGE_RESOURCE.E18,domains
95,INTEGRITY_TYPE.E55,HERITAGE_RESOURCE.E18,domains
96,INTEGRITY_TYPE_AUTHORITY_DOCUMENT.E32,HERITAGE_RESOURCE.E18,strings
99,HERITAGE_RESOURCE_USE_TYPE.E55,PRODUCTION.E12,domains
100,USE_TYPE_AUTHORITY_DOCUMENT.E32,PRODUCTION.E12,strings
103,ANCILLARY_FEATURE_TYPE.E55,PRODUCTION.E12,domains
104,ANCILLARY_FEATURE_AUTHORITY_DOCUMENT.E32,PRODUCTION.E12,strings
105,DESCRIPTION.E62,HERITAGE_RESOURCE.E18,strings
106,RESOURCE_TYPE_CLASSIFICATION.E55,HERITAGE_RESOURCE.E18,domains
107,RESOURCE_CLASSIFICATION_AUTHORITY_DOCUMENT.E32,HERITAGE_RESOURCE.E18,strings
110,DISTURBANCE_TYPE.E55,CONDITION_ASSESSMENT.E14,domains
111,THREAT_TYPE.E55,CONDITION_ASSESSMENT.E14,domains
112,MANAGEMENT_RECOMMENDATION.E89,CONDITION_ASSESSMENT.E14,
113,RECOMMENDATION_TYPE.E55,CONDITION_ASSESSMENT.E14,domains
114,RECOMMENDATION_TYPE_AUTHORITY_DOCUMENT.E32,CONDITION_ASSESSMENT.E14,strings
115,DISTURBANCE_TYPE_AUTHORITY_DOCUMENT.E32,CONDITION_ASSESSMENT.E14,strings
116,THREAT_TYPE_AUTHORITY_DOCUMENT.E32,CONDITION_ASSESSMENT.E14,strings
117,DESCRIPTION_TYPE.E55,HERITAGE_RESOURCE.E18,domains
118,DESCRIPTION_TYPE_AUTHORITY_DOCUMENT.E32,HERITAGE_RESOURCE.E18,strings
119,STYLE.E55,PRODUCTION.E12,domains
121,STYLE_AUTHORITY_DOCUMENT.E32,PRODUCTION.E12,strings
122,EVALUATION_CRITERIA_TYPE_AUTHORITY_DOCUMENT.E32,HERITAGE_RESOURCE.E18,strings
123,REASONS.E62,HERITAGE_RESOURCE.E18,strings
124,STATUS.E55,HERITAGE_RESOURCE.E18,domains
127,STATUS_AUTHORITY_DOCUMENT.E32,HERITAGE_RESOURCE.E18,strings
130,ELIGIBILITY_REQUIREMENT_TYPE.E55,HERITAGE_RESOURCE.E18,domains
131,ELIGIBILITY_REQUIREMENT_TYPE_AUTHORITY_DOCUMENT.E32,HERITAGE_RESOURCE.E18,strings
138,SETTING_TYPE.E55,PLACE.E53,domains
139,SETTING_TYPE_AUTHORITY_DOCUMENT.E32,PLACE.E53,strings
140,ADDRESS_TYPE.E55,PLACE.E53,domains
141,ADDRESS_TYPE_AUTHORITY_DOCUMENT.E32,PLACE.E53,strings
142,CONDITION_DESCRIPTION.E62,CONDITION_ASSESSMENT.E14,strings
150,MODIFICATION_EVENT.E11,HERITAGE_RESOURCE.E18,
151,MODIFICATION_TYPE.E55,HERITAGE_RESOURCE.E18,domains
152,MODIFICATION_TYPE_AUTHORITY_DOCUMENT.E32,HERITAGE_RESOURCE.E18,strings
153,MODIFICATION_DESCRIPTION.E62,HERITAGE_RESOURCE.E18,strings
154,BEGINNING_OF_EXISTENCE.E63,HERITAGE_RESOURCE.E18,
155,END_OF_EXISTENCE.E64,HERITAGE_RESOURCE.E18,
156,BEGINNING_OF_EXISTENCE_TYPE.E55,HERITAGE_RESOURCE.E18,domains
157,BEGINNING_OF_EXISTENCE_TYPE_AUTHORITY_DOCUMENT.E32,HERITAGE_RESOURCE.E18,strings
158,BEGINNING_OF_EXISTENCE_TIME-SPAN.E52,HERITAGE_RESOURCE.E18,
159,START_DATE_OF_EXISTENCE.E49,HERITAGE_RESOURCE.E18,dates
160,END_OF_EXISTENCE_TYPE.E55,HERITAGE_RESOURCE.E18,domains
161,END_OF_EXISTENCE_TYPE_AUTHORITY_DOCUMENT.E32,HERITAGE_RESOURCE.E18,strings
162,END_OF_EXISTENCE_TIME-SPAN.E52,HERITAGE_RESOURCE.E18,
165,END_DATE_OF_EXISTENCE.E49,HERITAGE_RESOURCE.E18,dates
166,CONDITION_IMAGE_FILE_PATH.E62,CONDITION_ASSESSMENT.E14,files
167,CONDITION_IMAGE.E73,CONDITION_ASSESSMENT.E14,
169,CONDITION_IMAGE_THUMBNAIL.E62,CONDITION_ASSESSMENT.E14,files
170,PERIOD_OF_SIGNIFICANCE.E49,HERITAGE_RESOURCE.E18,
171,PERIOD_OF_SIGNIFICANCE_TO_DATE.E49,HERITAGE_RESOURCE.E18,dates
172,PERIOD_OF_SIGNIFICANCE_FROM_DATE.E49,HERITAGE_RESOURCE.E18,dates
173,DATE_EVALUATED.E49,HERITAGE_RESOURCE.E18,dates
174,DISTURBANCE_DATE_START.E49,CONDITION_ASSESSMENT.E14,dates
175,DISTURBANCE_DATE_END.E49,CONDITION_ASSESSMENT.E14,dates
176,DISTURBANCE_EXTENT_TYPE_AUTHORITY_DOCUMENT.E32,CONDITION_ASSESSMENT.E14,strings
177,DISTURBANCE_EXTENT_TYPE.E55,CONDITION_ASSESSMENT.E14,domains
178,DISTURBANCE_CAUSE_TYPE.E55,CONDITION_ASSESSMENT.E14,domains
179,DISTURBANCE_CAUSE_TYPE_AUTHORITY_DOCUMENT.E32,CONDITION_ASSESSMENT.E14,strings
180,DISTURBANCE_CAUSE_CERTAINTY_TYPE.E55,CONDITION_ASSESSMENT.E14,domains
181,DISTURBANCE_CAUSE_CERTAINTY_TYPE_AUTHORITY_DOCUMENT.E32,CONDITION_ASSESSMENT.E14,strings
182,DISTURBANCE_EFFECT_TYPE.E55,CONDITION_ASSESSMENT.E14,domains
183,DISTURBANCE_EFFECT_TYPE_AUTHORITY_DOCUMENT.E32,CONDITION_ASSESSMENT.E14,strings
184,DISTURBANCE_EFFECT_CERTAINTY_TYPE.E55,CONDITION_ASSESSMENT.E14,domains
185,DISTURBANCE_EFFECT_CERTAINTY_TYPE_AUTHORITY_DOCUMENT.E32,CONDITION_ASSESSMENT.E14,strings
186,THREAT_CERTAINTY_TYPE.E55,CONDITION_ASSESSMENT.E14,domains
187,THREAT_CERTAINTY_TYPE_AUTHORITY_DOCUMENT.E32,CONDITION_ASSESSMENT.E14,strings
188,SITE_OVERALL_ARCHAEOLOGICAL_CERTAINTY_TYPE.E55,HERITAGE_RESOURCE.E18,domains
189,SITE_OVERALL_ARCHAEOLOGICAL_CERTAINTY_TYPE_AUTHORITY_DOCUMENT.E32,HERITAGE_RESOURCE.E18,strings
190,SITE_MORPHOLOGY_TYPE.E55,HERITAGE_RESOURCE.E18,domains
191,SITE_MORPHOLOGY_TYPE_AUTHORITY_DOCUMENT.E32,HERITAGE_RESOURCE.E18,strings
192,SITE_OVERALL_SHAPE_TYPE.E55,HERITAGE_RESOURCE.E18,domains
193,SITE_OVERALL_SHAPE_TYPE_AUTHORITY_DOCUMENT.E32,HERITAGE_RESOURCE.E18,strings
